Contract_number,Best_strategy,Exposure,Opportunity
218423543,Biannual (last 6m avg price),9673373.43526591,5559940.918131741
21987651,Biannual (last 6m avg price),4959187.940093002,2836236.866346053
50823471,Biannual (last 6m avg price),9715928.351196773,5581631.563833155
